,full_text,tweet_english
656,kepala pusing nya cenat cenutnya tbtb yang minta jelasin efesiensi sama danantara apa yaudah gue jawab inti negara makin gajelas aku pusing kak,head dizzy cenat cenutnya tbtb who asked for clarification of the same efficiency and between what already I answered the core of the country more and more clearly I was dizzy sis
657,danantara instrumen bangun nasional,and among the national building instruments
658,badan2 baru bentuk danantara hanya balas jasa timses kampanye pilpres pragib bagi2 jabat apa gemoy kabinet tambah lemak di badan2 baru maksa orang berjasauppresiden mau jadi presiden bener apa cari cuan,new bodies form and between just payback for the services of the presidential election campaign timses pragib for the officials what gemoy cabinet add fat to the new bodies maksa people merit the president wants to be the president really what to look for cuan
659,danantara hadir bangun negeri,and between present development of the country
660,danantara awas ketat,and between strict precautions
661,danantara rupa fondasi baru mandiri ekonomi indonesia,and between the appearance of a new independent foundation of the Indonesian economy
662,usaha pailit kok malah dijadiin danantara wwkwkwk,bankruptcy business is actually become and between wwkwkwk
663,si kaya mabok ktnya butuh investor tpi butuh teknologi investor mksd kamu gmn lil mksd kamu akrg bs sombong punya modal tpi bingung bs klola,the rich mabok ktnya need investors tpi need technology mksd investors you gmn lil mksd you akrg bs arrogant have capital tpi confused bs klola
664,ferry latuhihin pasar ragu danantara punya visimisi jelas,ferry trainihin market doubt and between having a clear vision
665,program danantara wujud nyata komitmen bangun negeri kita dukung wujud manfaat,programs and between the tangible manifestations of our state development commitment to support the form of benefits
666,saat sinergi program danantara buka peluang baru maju bangsa kita dukung penuh,when the synergy of the program and between open new opportunities to advance our nation fully support
667,program danantara bangun masa depan lebih inklusif daya kita sukses sama,programs and between building a more inclusive future we succeed together
668,dukung adalah kunci hasil program danantara saat tindak cipta ubah nyata,support is the key to program results and between when the action is real change
669,program danantara hadir solusi perata bangun lanjut dukung wujud dampak,programs and among the solutions present further development leveling support the form of impact
670,danantara terima rp 325 t hasil efisiensi apbn proyeksi jadi katalisator tumbuh ekonomi indonesia global,and between receiving Rp 325 t the results of the projected efficiency apbn become a catalyst for the growth of the global Indonesian economy
671,danantara bentuk kuat ekonomi indonesia masa depan,and among the strong forms of the future Indonesian economy
672,kata biar akan perintah bersih jadi tingkat percaya si danantara gtuuu bundd,said that the order will be clean so the level of trust between the gtuuu bundd
673,danantara konsolidasi semua kuat ekonomi,and between the consolidation of all strong economic
674,danantara superholding rancang kelola investasi besar tuju dorong tumbuh ekonomi,and between superholding design a large investment management to encourage economic growth
675,danantara indonesia siap dunia bersamasama wujud indonesia lebih maju daya saing global,and between Indonesia ready for the world together with Indonesia's more advanced form of global competitiveness
676,danantara ikut tren dunia alokasi kaya negara kuat infrastruktur masa depan indonesia lebih gemilang,"and among the trends in the world of rich allocation of strong countries, Indonesia's future infrastructure is more brilliant"
677,miskin semua libat lumayan buat modal danantara,poor all involved are quite good for capital and intermediaries
678,danantara kelola aset bumn tuju tingkat ekonomi nasional,and between managing bumn assets towards the national economic level
679,danantara kelola aset bumn tuju tingkat ekonomi nasional,and between managing bumn assets towards the national economic level
680,kepala2 daerah pusing apbd potong wowo buat danantara jadi bingung buat kembali modal kampanye duit ada,dizzy regional heads apbd cut wowo for and between being confused to return the money campaign capital there
681,berat banget nnti abah bersihbersih 0 kaya negara kuras danantara,very heavy nnti abah Bersihbersih 0 kaya negara kuras danantara
682,danantara jd bias orientasi peran komersial pso kalo pso selamat entitas kamu bikin superholding cukup ditakeover national asset management under pt ppa lakamu kasih pmn buat bentuk bumn baru jangan semua2 danantara gin kabur investor,and between jd commercial role orientation bias pso if pso survived your entity made superholding enough to be takenover national asset management under pt ppa lakamu love pmn for a new form of bumn not all and between gin blurred investors
683,fahri hamzah danantara bangkit raksasa tidur bumn indonesia,fahri hamzah danantara rise up sleeping giant bumn indonesia
684,danantara indonesia tawar solusi baru tingkat dapat negara tarik investor global cepat tumbuh ekonomi kuat posisi indonesia pasar global,"and between Indonesia bargaining for new solutions, the level can attract global investors, the fast-growing economy is strong, the position of Indonesia is global market"
685,pmilik baruny danantara,pmilik baruny danantara
686,sol korupsi sekarang udah gagah2an jd danantara jd kasus bedar abad jk lihat mentalitas jabat tidak ubah duka hingga sekarang kalau cuma geram wamen geram untuk komit janji sumpah nanti duka hanya omon2,sol corruption now already gallant and between jd jd case bedar century jk see the mentality of the shaking does not change the grief until now if only furious wamen furious to commit vows later grief only omon2
687,eks dewan pakar prabowogibran kritik danantara entitas bisnis entitas politik,ex prabowogibran expert council criticism and between business entities political entities
688,danantara jadi inovasi kelola aset negara lebih produktif daya saing optimal ekonomi nasional,and between being an innovation to manage state assets more productively the optimal competitiveness of the national economy
689,danantara energi baru indonesia kuat daulat bangsa,and between Indonesia's new energy strong national sovereignty
690,danantara energi baru indonesia kuat daulat bangsa,and between Indonesia's new energy strong national sovereignty
691,danantara energi baru indonesia kuat daulat bangsa,and between Indonesia's new energy strong national sovereignty
692,pesan gue harap sampai baca bahwa masalah danantara jauh lebih pelik potensi seleweng dana bahkan kalaupun tata kelola danantara institusi bagus paksa deficit spending perintah cosplay jadi manajer investasi jelek,message I hope to read that the problems and between are much more complicated the potential for misappropriation of funds even if good governance and between good institutions force deficit spending cosplay orders to be a bad investment manager
693,danantara energi baru indonesia kuat daulat bangsa,and between Indonesia's new energy strong national sovereignty
694,sama danantara bangun ntb maju,the same and between build ntb forward
695,sumber daya alam hingga cerdas buat danantara siap dorong indonesia jadi pusat investasi global,natural resources to make it smart and between being ready to push Indonesia to become a global investment center
696,danantara dahlan iskan pikir langkah strategi besar buat indonesia gantung asing modal 150 t jadi 1000 t kelola uang negara lebih transparan meminimalisir korupsi optimis langit indonesia,and between dahlan iskan think of a big strategic step for Indonesia to suspend foreign capital 150 t to 1000 t manage state money more transparently minimize corruption optimistic sky Indonesia
697,danantara cmn punya aset jalan pabrik pakai duit cash puyeng ada danantara,and between CMNs have factory road assets using PUYENG cash there are and between
698,danantara kelola prinsip transparansi produktivitas tinggi dukung investasi bangun,and between managing the principle of high productivity transparency to support building investment
699,danantara potensi indonesia optimal saat investasi cerdas negeri lebih maju,and between Indonesia's optimal potential when smart investment in the country is more advanced
700,danantara nerima duit apbn mas,and between nerima wang apbn mas
701,wkwwkkkwkwkkw danantara real cuma 10 90 nya bosok ngelawak nie org,wkwwkkkwkwkkw and between real is only 10 90 bosok ngelawak nie org
702,kalo seret bisa main lah danantara hahahhaha,"if you drag, you can play and between hahahhaha"
703,danantara bukan sekadar dana investasi adalah langkah strategis maju ekonomi indonesia,and between is not just an investment fund is a strategic step forward for the Indonesian economy
704,masa depan investasi indonesia makin cerah danantara hadir kelola aset nasional cerdas lanjut,the future of Indonesian investment is getting brighter and between the presence of advanced smart national asset management
705,tulis lanjut danantara beberapa konsep tidak muat kolom kompas riskadjusted return apa comparable assets etc ide besar kurang lebih rangkum sini,write further and between several concepts do not fit the compass column riskadjusted return what comparable assets etc big idea more or less summarize here
706,saya pikir itu soal investasi butuh dana besar buat konsorsium kalau kamu sunti dengan skema pmn dana efisiensi sunti danantara yakin untuk ikn lihat,i think it's a matter of investment needing big funds for the consortium if you are sunti with the sunti efficiency fund pmn scheme and between being sure to see
707,ekonom ugm sorot kelola danantara,ugm economists highlight governance and intermediary
708,bukan supporter perintah baca awas lihat bagai langkah mungkin baik lihat ramenya danantara kemarin,not a supporter of the read order watch out see how the steps might be good see the ramen andantara yesterday
709,danantara percaya integritas kompetensi justru euforia puji simpatisan jabat telah pesona narasi story telling sarat kontroversi,danantara believes the integrity of competence is precisely the euphoria praising the sympathizers of the shakeup has been the charm of the narrative of story telling full of controversy
710,itu danantara,that and between
711,betul memang mas pras awam soal hukum udah jelas bpi danantara kelola usaha bumn bpi danantara biaya apbn kalau cermat masuk semua pasal2 mas pras istilah badan gk masalah apa beda bumn kan badan usaha juga toh,it's true that mas pras lay about the law is clear bpi and between business management bumn bpi and between costs apbn if you carefully enter all the articles mas pras terms of the body gk what are the different problems bumn is also a business entity anyway
712,nina kalo jdi nina wni resah sama danantara ktanya investasi psti bkal bilang pak prabowo ngga bilang investasi didik rakyat indonesia pak prabowo ngga bilang investasi sehat rakyat indonesia ngga engga kan,nina if jdi nina wni fret the same and between us ktanya investment psti bkal said Mr. prabowo did not say investment of Indonesian people's education Mr. prabowo did not say healthy investment of Indonesian people did not
713,jelas bagus masuk akal profesor ferry latuhihin danantara publik wajib ngerti,clearly good makes sense professor ferry trainuhihin and between the public is obliged to understand
714,danantara energi baru indonesia kuat daulat bangsa,and between Indonesia's new energy strong national sovereignty
715,presiden prabowo ajak presiden lama ormas agama jadi awas danantara,president prabowo invites the old president of religious mass organizations to be aware and
716,bentuk danantara rupa langkah strategis cepat tumbuh ekonomi nasional,form and between the forms of fast-growing national economic strategic steps
717,sama danantara bangun ntb lebih maju,the same and between building more advanced ntb
718,danantara bumn gantung modal asing,and between bumn to suspend foreign capital
719,danantara maksimal dividen bumn,and between maximum bumn dividends
720,sama danantara bangun ntb lebih maju,the same and between building more advanced ntb
721,bekas aman banjir stay safe,flood safe container stay safe
722,mana mungkin rakyat percaya danantara mati bunuh diri gara gara perintah bayar koq suruh loyal indonesia mana mungkin loyal jahat jahat sendiri aja masuk neraka duaaaar indonesia bubaaar erick luhut rk koq percaya,how can people believe and die by suicide because of the order to pay koq tell loyal indonesian how can loyal evil evil itself just go to hell duaaaar indonesian bubaaar erick luhut rk koq believe
723,asli kocak kemaren pas ngusulin pake danantara buat bantu sritex entah dewan emang beneran gatau pura2 gatau ttg manuver2 sembunyi eksekutif polos banget percaya danantara wkwkkw,original hilarious yesterday fit ngusulin use and between to help sritex whether the board is real or pretend about maneuvers hide very plain executives believe and between wkwkkw
724,bumn tok pokoke terus bentuk danantara lanjut,bumn tok pokoke continues to form and continue
725,mau bencana mau korupsi mau demo nih orang kayak lihat berita jalanin idup sesuai rencana aja retreat jalan terus danantara jalan terus cuma banjir ngalir aja smpe indonesia tenggelam,"want disaster, want corruption, want to demo, people like to see news of the road, live according to plan, just retreat, continue and between the roads, just flood, just flow, smpe Indonesia sinks"
726,danantara bangun masa depan lebih maju,and between building a more advanced future
727,sama danantara bangun masa depan lebih maju,the same and between building a more advanced future
728,waspada danantara sjk awal sdh cium bau busuknyalagi2 rakyat jd korban,"be vigilant and between the early days, I smelled the bad smell of the people and the victims"
729,ayo dukung program danantara akan terus bantu kembang ekonomi indonesia beban bumn,let's support the program and between will continue to help the development of the Indonesian economy bumn load
730,danantara awas ketat strategi mitigasi tepat danantara milik peluang besar sukses,and between being strictly aware of appropriate mitigation strategies and between belonging to great chances of success
731,danantara kunci tuju daulat ekonomi indonesia saat kelola aset sendiri kurang gantung modal asing bangun masa depan ekonomi lebih kuat mandiri,and among the keys to the direction of Indonesia's economic sovereignty when managing one's own assets is less dependent on foreign capital to build a stronger independent economic future
732,ojk dukung langkah strategis danantara kuat investasi nasional strategi investasi lebih komprehensif harap tumbuh ekonomi indonesia makin solid daya saing global,ojk support strategic steps and strong national investment between national investment strategies more comprehensive hope to grow the Indonesian economy more solid global competitiveness
733,menteri rangkap jadi urus danantara bknlah rangkap jabat danantara bkn usaha jabat sandang kelola danantara bkn kategori jabat golong jabat negara baru diskus presiden zalenskyy bro tahu soal,the minister of duplicate management and between bknlah duplicate office and between bkn business and management and between bkn category golong office new state office discus president zalenskyy bro know about
734,ingat paaakjangan ikut2an mulyono bikin ikn pdahal ada kampanye danantara,remember paaakjangan juga2an mulyono buat ikn pdahal ada campaign danantara
735,putus strategis bentuk danantara tuju jadi aset negara lebih produktif transparan manfaat ekonomi nasional,break up strategic forms and between goals to become a more productive state asset transparent national economic benefits
736,dukung danantara indonesia,support and between Indonesia
737,danantara bawa harap baru manajemen aset bumn cipta sistem ekonomi lebih modern efisien kompetitif tingkat global,and between bring hope new asset management create a more modern economic system competitive efficiency at the global level
738,danantara percaya publik,and between public trust
739,danantara hadir inovasi kelola aset negara kuat investasi nasional dukung bangun ekonomi lanjut,and between present INOVASI manage national assets strong national investment support further economic development
740,strategi danantara pasti aset negara hanya kelola lebih baik juga beri manfaat optimal tumbuh ekonomi,"strategies and between them, the country's assets are only better managed and also provide optimal benefits for economic growth"
741,lalu danantara indonesia konsolidasi kuat ekonomi hadap tantang global kelola aset lebih integrasi,"then and between Indonesia, a strong consolidation of the economy, facing global challenges, manage assets, more integration"
742,putus strategis bentuk danantara tuju jadi aset negara lebih produktif transparan manfaat ekonomi nasional,break up strategic forms and between goals to become a more productive state asset transparent national economic benefits
743,danantara bawa harap baru manajemen aset bumn cipta sistem ekonomi lebih modern efisien kompetitif tingkat global,and between bring hope new asset management create a more modern economic system competitive efficiency at the global level
744,aset 1400 trilyun jualin duka bayar utang baru gembar gembor danantara,assets of 1400 trillion selling and paying off new debts
745,prinsip independensi transparansi diversifikasi kamu terap kelola danantara ingin jadi motor gerak ekonomi nasional,"the principle of independence, transparency, diversification, you manage and between want to be the motor of national economic movement"
746,lapang kerja bakal buka ada pasti hukum aja duka dikerjain pakai prinsip pareto tega hukum hal pertama kali mesti laku perintah mbg danantara laku kemudian,"field of work will open there is sure to be a law of grief in working with the principle of pareto tega law, the first thing must be to carry out the mbg order and between behavior and then"
747,duka ikn gada kampanye tetiba nongol ajaskrng danantara sama,grief ikn gada campaign tetiba nongol ajaskrng danantara sama
748,bisa difuture bitwyre apa aja,can difuture bitwyre anything
749,halo sender aku pernah nulis artikel danantara dampak mungkin bantu,hello sender I once wrote an article and between the impacts maybe help
750,danantara hadir solusi strategis kelola aset negara lebih efisien transparan dorong tumbuh ekonomi indonesia,"and among other things, there is a strategic solution to manage state assets more efficiently and transparently encourage the growth of the Indonesian economy"
751,kelola aset negara kini makin struktur danantara pasti investasi lebih optimal daya saing ekonomi lebih kuat,"manage state assets are now increasingly structured and between them, investment is more optimal, economic competitiveness is stronger"
752,konsolidasi aset bumn lalu danantara buka peluang baru kelola ekonomi lebih profesional orientasi jangka panjang,consolidation of assets last spring and between new opportunities to manage the economy more professionally long-term orientation
753,ayo dukung danantara,let's support danantara
754,danantara jadi langkah besar cipta sistem manajemen aset lebih transparan efisien dampak bangun nasional,and between is a big step to create a more transparent and efficient asset management system for the impact of national development
755,danantara tdk masuk janji pak presiden janji nya buka lapang kerja seluas2 nya beri makan gizi gratis ingaat,"and between not entering the promise of the president, he promised to open a work field as wide as possible to feed free nutrition remembering"
756,kasus korupsi ada buat ngalihin isu danantara yak,corruption cases exist to shift issues and between yak
757,danantara skenario tuk 2029 pesta pora the genk ndas mu,and between scenarios for 2029 orgies the genk ndas mu
758,ihh bener banget rasa muak ngeliat apalagi negara susah terus nyuruh orang buat efisiensi tp kekeh mau retreat2an lagi danantara emg niat buat korupsi aja mah bkn buat rakyat capekkk bgt,ihh really feel sick of staring especially the country is difficult to keep telling people to make efficiency but they want to retreat2an again and between emg the intention for corruption aja mah bkn for the people tired of it bgt
759,sinetron sedang main piara rezim sedang akting tetap fokus kasus pagar laut oplos danantara,soap opera is playing the role of the regime while acting remains the focus of the case of the oplos sea fence and between
760,haloo yang kasih insight danantara sebanyakbanyaknya bebas mau berita opini apa help buat tugas,haloo who gives insight and between as much as possible is free to want news opinion what help to do the task
761,next season kasus danantara,next season cases and between
762,laut milik negara pagar kapitalis final occrp tunjuk jd awas danantara tren bakar gedung buat ngilangin bukti rakyat efisiensi jabat foya2 menteri2nya asbun no solutions,the sea belongs to the state fence capitalist final occrp show jd beware and among the trends of burning buildings to lose the people's evidence of efficiency foya2 ministers asbun no solutions
763,kan kalo akuisisi danantara bisa isi sritex orang rekrut orang lama sritex nabung suara deh buat mika 2029 tindak preventif bagai masyarakat bisa kira mungkin buruk kan jadi kalo jadi beneran tinggal kan,right if the acquisition and between can fill in sritex people recruit old people sritex save votes deh for mica 2029 preventive actions like the community can think it might be bad right so if it's true live right
764,puncak gunung es guna tutup danantara another 1 kuadriliun harus buat bikin lapang kerja hambur udah bakal korupsi,the tip of the iceberg to close and between another 1 quadrillion must make room for hambur work will already be corrupt
765,duka tim sukses prabowogibran amat ekonomi kini kritik danantara jadi alat politik,the grief of the predowogibran success team is very economic now criticism and between being a political tool
766,udah lah doa doa perintah mempan makanya tau mending join aja sekali ikut nambang ikut danantara ikut serobot lahan masyarakat adat bagus kan jadi kuat peran tokoh tokoh agama masyarakat,"already, the prayer of the commandment is right, that's why you know mending join only once participating in nambang and between participating in the serobot of indigenous people's land, it's good to be strong in the role of community religious leaders"
767,saat indonesia mandiri kelola investasi danantara indonesia bawa visi besar kuat ekonomi lalu optimalisasi aset investasi jangka panjang,when Indonesia is self-sufficient in managing investments and between Indonesia brings a big vision of a strong economy and the optimization of long-term investment assets
768,kek pindah cimb aja deh tabung aga ngeri sedap denger podcast soal danantara,cake move cimb aja deh tube aga horrifyingly delicious to listen to podcasts about danantara
769,daulat ekonomi mulai kelola investasi cerdas strategis danantara indonesia hadir solusi tingkat daya saing indonesia,"economic sovereignty began to manage strategic smart investments and between Indonesia, there was a solution to the level of competitiveness of Indonesia"
770,investasi kelola baik jadi pilar utama bangun indonesia danantara indonesia peran cipta nilai tambah ekonomi bangsa,good governance investment is the main pillar of building Indonesia and between Indonesia and the role of creating value-added to the nation's economy
771,danantara indonesia hadir optimal investasi strategis tumbuh ekonomi nasional tata kelola transparan profesional dukung kelola aset lanjut,and between Indonesia present optimal strategic investment national economic growth professional transparent governance support advanced asset management
772,danantara apa,and between what
773,yah cuma ingat wkwkw coba langsung action koruptor langsung hukum mati semua harta rampas keluarga miskin jamin modal danantara lebih banyak wkwkwkw,well just remember wkwkw try direct action corrupt direct death penalty all the spoils of poor families guarantee capital and between more wkwkwkw
774,dr pimpin gk ad yang beres malah nambah danantara,dr pimpin gk ad yang sorted out even nambah danantara
775,danantara masuk psn,and between entering the psn
776,danantara jadi inovasi kelola aset negara lebih produktif daya saing optimal ekonomi nasional,and between being an innovation to manage state assets more productively the optimal competitiveness of the national economy
777,namajuga presiden jahat hamdia kan hidup cuma mikirin diri sendiri liat ja dapet harta banyak jilat mertua sekarang mertua ngasilin duit buat sekarang jilat jokowi biar jadi presiden dah jadi presiden enak aset gunung nambah danantara,"the name is also the evil president, he's alive, he's just thinking about himself, see if he can get a lot of assets, lick the in-laws, now the in-laws are making money for now, lick the jokowi, so that the president has become a good president, the assets of mount nambah danantara"
778,mas gausah singgung danantara ganyaman liat muka luhut aja udah tidak nyaman plis jangan spill danantara,mas gausah singgung danantara ganyaman clay face luhut aja udah uncomfortable plis jangan spill danantara
779,jadi danantara by definition bukan usaha negara juga biaya apbnapbd kalaupun jawab saya rasa paham substansi buat uu nya cegah konflik penting turut sy sgt mungkin jadi tri ada danantara,so danantara by definition is not a state business and also the cost of apbnapbd even if I answer I think I understand the substance for uu to prevent important conflicts also sy sgt may be tri there danantara
780,dar ingat payung danantara uu 12025 rupa luas uu 192003 jadi tepat kalau argumentasi masuk tiga justru timbul ambiguitas ada entitas bpi,from remember the umbrella and between uu 12025 the appearance of the area of uu 192003 so it is appropriate that the argument in three actually arises ambiguity there is an entity bpi
781,lhaanda ngutip omong prof boleh figur politik danantara prof sendiri tim sukses giat politik mebagongkan kan,lhaanda quoted that prof may be a political figure and between prof himself the success team is active in politics mebagarkan kan
782,hotel mahal jalan dinas potong buat perut raka danantara,expensive hotel Jalan Dinasotong Untuk Belly Raka danantara
783,viral omong keras soal danantara ferry latuhihin blakblakan,viral talk hard about and between ferry trainuhihin blakblakan
784,danantara kembang strategi lebih komprehensif tingkat investasi dana kelola kuat dukung tumbuh ekonomi nasional,and between the development of a more comprehensive strategy the level of investment of strong managed funds supports the growth of the national economy
785,kadin ntt yakin danantara jadi katalis utama transformasi ekonomi hadir solusi modern dunia usaha tingkat sejahtera masyarakat,"kadin NTT believes that and between being the main catalyst for economic transformation, there is a modern solution for the business world at the prosperous level of society"
786,transparan semua jenderal menteri bahlil 21 proyek hilir dana danantara nilai investasi us45 miliar lewat com,transparent all generals of the ministers of bahlil 21 downstream fund projects and between the investment value of us45 billion through com
787,meski awal soal hukum coba dapat mas hemat atur pp 102025 sebut tentang uu 392008 alas rangkap jabat larang uu batas tiga pasal 23 bpi danantara masuk di tiga,although the beginning of the legal issue can try to save money by regulating pp 102025 mention about uu 392008 the double base of the prohibited discount uu the limit of three articles 23 bpi and between entering in three
788,danantara transparan profesional bebas korupsi danantara bangun sistem tata kelola ketat transparan,and between transparent corruption-free professionals and between building a transparent strict governance system
789,danantara minggu resmi udah bilang korupsi subhanallah,and between official weeks have said subhanallah corruption
790,jadi benar presiden para menteri mikirin rakyat presiden mikir gmana cara periode ikut jd presiden makanya koalisi permanen makanya danantara liat ja program kerjanyaga jelas,"so it's true that the president, the ministers, think about the people, the president thinks about how to participate in the presidential period, so the coalition is permanent, so and between it, the work program is clear"
791,makanya jangan heran kmaren berita koalisi permanen itu tuju arah presiden umur hidup macam xi jin ping kim jong un heran danantara isi orang prabowo jokowi luhut,so don't be surprised kmaren permanent coalition news that the direction of the president's life span is like xi jin ping kim jong un wonder and between the contents of the people prabowo jokowi luhut
792,hadir danantara beri dorong positif pasar uang indonesia henry wibowo head of indonesia research strategy jp morgan lembaga dapat jadi faktor utama gera pasar modal depan,present and between giving positive encouragement to the Indonesian money market henry wibowo head of Indonesia research strategy jp morgan institution can be the main factor gera capital market ahead
793,kamar dagang industri kadin ntt dukung penuh danantara pilar tumbuh ekonomi indonesia potensi besar tarik investasi cipta lapang kerja danantara harap kuat industri lokal buka peluang usaha umkm,chamber OF Commerce Industry Kadin NTT fully supports and among the pillars of Indonesia's economic growth has great potential to attract investment in the field of work and between the hope that the local industry will open up business opportunities umkm
794,danantara hadir teknologi modern energi bersih bangun lanjut sama wujud indonesia lebih maju mandiri,and between present modern technology clean energy develop further and form Indonesia is more advanced independent
795,kadin ntt yakin dengan kolaborasi perintah laku usaha investor danantara jadi pusat inovasi kembang bisnis cepat transformasi ekonomi indonesia,kadin NTT believes that with the collaboration of the orders of business behavior of investors and between becoming a center of innovation for the rapid business development of Indonesia's economic transformation
796,danantara solusi baru tingkat dapat negara tarik investor dunia,"and among the new solutions, the level can attract world investors"
797,ini unggul danantara buka publik,this is superior and between open public
798,danantara jadi ekonomi indonesia gantung modal asing,"and among other things, the Indonesian economy is dependent on foreign capital"
799,danantara poros investasi bangun negeri,and between the investment axis to build the country
800,danantara superholdings bencong bilang kayak temasek jadi juga megang peran fundings like gic lebih fatal assetnya konsolidasi big banks bbri bmri padahal asset banks lt10 likuid sisa provisions jangan kaget kalo idr terus lemah,and between superholdings bencong said like temasek so also hold the role of fundings like gic more fatal asset consolidation big banks bbri bmri whereas asset banks lt10 liquid remaining provisions do not be surprised if idr continues to be weak
801,dinamika ekonomi global tengara jadi dalang atas anjlok ihsg saham perban pelat merah jelas danantara pengaruh persepsi investor,the dynamics of the landmark global economy to be the mastermind of the plunge in ihsg red plate bandage stocks is clear and among the influences of investor perceptions
802,wallahi semua barang baru bijak perintah kaji dalam kayak mbg danantara koperasi desa merah putih kalo akhir sengsara rakyat laknat semua ambil bijak libat dalam allah they deserve it more than anything,wallahi all new items wise study order in kayak mbg danantara cooperative red and white village if the end of the people's misery curse all take wise involvement in god they deserve it more than anything
803,padahal jelas gamblang kalo mau bikin proyek danantara harus jauh figur politik lho,"even though it is clear that if you want to make a project and between it must be far from political figures, you know"
804,wkwkw asli danantara scam doang kayak judol,real wkwkw and between scam doang kayak judol
805,danantara jelek banget bibit gua turun aseeemmm,and between the really bad cave seedlings down aseeemmm
